num_processor,Total Subsidy,Execution Time (seconds)
1,434.17073261948616,7.235641124891117
2,434.17073261948593,4.974491499830037
4,434.1707326194862,3.537856458919123
8,434.17073261948593,2.867578832898289
